"Epic","Feature","Story","FAILED","BROKEN","PASSED","SKIPPED","UNKNOWN"
"cardano","api-transactions","Transactions test","0","40","0","0","0"
"cardano","api-pools","","0","36","0","0","0"
"cardano","api-stake-key-controller","Get Data For Stake De Registration","0","12","0","0","0"
"cardano","api-addresses","","0","37","0","0","0"
"","","","0","158","0","0","0"
"cardano","api-delegation","","0","43","0","0","0"
"cardano","api-epoch","GET: Epoch All List","0","15","0","0","0"
"cardano","api-token-controller","Tokens Scenario","0","2","0","0","0"
"cardano","api-epoch","GET: Get block list of epoch by its no","0","14","0","0","0"
"cardano","api-block","","0","41","1","0","0"
"cardano","api-policy_controller","Get tokens by policies","0","18","0","0","0"
"cardano","api-stake-key-controller","Get active stake, live stake and total stake","0","1","0","0","0"
"cardano","api-policy_controller","Get holders by policies","0","17","0","0","0"
"cardano","api-policy_controller","Get a policy detail","0","6","0","0","0"
"cardano","api-contract","Get native script of contract","0","8","0","0","0"
"cardano","api-transactions","Transactions Scenario test","0","3","0","0","0"
"cardano","api-epoch","GET: Get a epoch detail by its no","0","11","0","0","0"
"cardano","api-contract","Get list contract","0","9","0","0","0"
"cardano","api-stake-key-controller","Get Top Delegators","0","6","0","0","0"
"cardano","api-stake-key-controller","Get Data For Stake Registration","0","12","0","0","0"
"cardano","api-stake-key-controller","StakeKey Scenario","0","2","0","0","0"
"cardano","api-epoch","GET: Get current epoch","0","1","0","0","0"
